{"cameraMode":{"drawMode":0,"name":"Shaded","section":"Shading Mode"},"sceneLighting":true,"audioPlay":false,"sceneViewState":{"showFog":true,"showMaterialUpdate":false,"showSkybox":true,"showFlares":true,"showImageEffects":true,"showParticleSystems":true},"in2DMode":false,"pivot":{"x":0.030987940728664399,"y":0.5080709457397461,"z":-0.036059774458408359},"rotation":{"x":-0.06904816627502442,"y":0.9068734645843506,"z":-0.16390828788280488,"w":-0.3820301592350006},"size":2.8578836917877199,"orthographic":false}